<?xml version="1.0"?>
<doc>
    <assembly>
        <name>ImageListDragCS</name>
    </assembly>
    <members>
        <member name="T:vbAccelerator.Controls.TextBox.DragDropTextBox">
            <summary>
            An enhanced text box which supports drag and drop
            of the text contents.
            </summary>
        </member>
        <member name="F:vbAccelerator.Controls.TextBox.DragDropTextBox.lastSelStart">
            <summary>
            Maintains the start position of the last selection
            made with the mouse.
            </summary>
        </member>
        <member name="F:vbAccelerator.Controls.TextBox.DragDropTextBox.lastSelLength">
            <summary>
            Maintains the length of the last selection made with 
            the mouse.
            </summary>
        </member>
        <member name="F:vbAccelerator.Controls.TextBox.DragDropTextBox.imageListDrag">
            <summary>
            The ImageListDrag class which is used when the 
            DrawDragImage property is set.
            </summary>
        </member>
        <member name="F:vbAccelerator.Controls.TextBox.DragDropTextBox.drawDragImage">
            <summary>
            Whether the drag image is drawn or not.
            </summary>
        </member>
        <member name="F:vbAccelerator.Controls.TextBox.DragDropTextBox.dragCandidateAction">
            <summary>
            Whether a mouse down event is a candidate for a drag event.
            </summary>
        </member>
        <member name="F:vbAccelerator.Controls.TextBox.DragDropTextBox.dragDownPoint">
            <summary>
            The point at which the mouse down for a dragCandidateAction occurred.
            </summary>
        </member>
        <member name="F:vbAccelerator.Controls.TextBox.DragDropTextBox.refreshControl">
            <summary>
            Flag set when initially showing the custom drag image so we can
            ensure the TextBox isn't corrupted.
            </summary>
        </member>
        <member name="M:vbAccelerator.Controls.TextBox.DragDropTextBox.OnMouseDown(System.Windows.Forms.MouseEventArgs)">
            <summary>
            Raises the MouseDown event and prepares to start a drag operation
            if appropriate.
            </summary>
            <param name="e">A <code>MouseEventArgs</code> object
            with the details of the mouse event.</param>
        </member>
        <member name="M:vbAccelerator.Controls.TextBox.DragDropTextBox.OnMouseMove(System.Windows.Forms.MouseEventArgs)">
            <summary>
            Raises the MouseMove event and starts a drag 
            operation if appropriate.
            </summary>
            <param name="e">A <code>MouseEventArgs</code> object 
            with the details of the mouse event.</param>
        </member>
        <member name="M:vbAccelerator.Controls.TextBox.DragDropTextBox.OnMouseUp(System.Windows.Forms.MouseEventArgs)">
            <summary>
            Raises the MouseUp event and stores some information
            about the mouse up position to track whether the next
            mouse operation should initiate a drag.
            </summary>
            <param name="e">A <code>MouseEventArgs</code> object
            with the details of the mouse event.</param>
        </member>
        <member name="M:vbAccelerator.Controls.TextBox.DragDropTextBox.OnDragOver(System.Windows.Forms.DragEventArgs)">
            <summary>
            Raises the <code>DragOver</code> event, and if the client
            sets the <code>Effect</code> member to allow
            the data to be dropped, attempts to show
            the caret in the position at which the item
            would The standard System.Windows.Forms drag-drop functionality provides a cursor to indicate that a drag-drop function is in progress. This article demonstrates how to add an image of the object being dragged to the drag-drop control, in the same way that Explorer does, using the ImageList APIs.be dropped.
            </summary>
            <param name="e">A <code>DragEventArgs</code> object containing 
            the data associated with the <code>DragOver</code> event.</param>
        </member>
        <member name="M:vbAccelerator.Controls.TextBox.DragDropTextBox.OnGiveFeedback(System.Windows.Forms.GiveFeedbackEventArgs)">
            <summary>
            Raises the GiveFeedback event and displays the 
            customised drag image, if any.
            </summary>
            <param name="e">The details associated with the
            GiveFeedback event.</param>
        </member>
        <member name="M:vbAccelerator.Controls.TextBox.DragDropTextBox.OnDragDrop(System.Windows.Forms.DragEventArgs)">
            <summary>
            Raises the <code>DragDrop</code> event and if the client
            sets the <code>Effect</code> member to allow
            the data to be dropped, calls the <code>GetTextDropData</code>
            method to retrieve the text from the drag-drop data and inserts
            it into the control at the drag-drop point.
            </summary>
            <param name="e">A <code>DragEventArgs</code> object containing 
            the data associated with the <code>DragDrop</code> event.</param>
        </member>
        <member name="M:vbAccelerator.Controls.TextBox.DragDropTextBox.GetTextDropData(System.Windows.Forms.DragEventArgs)">
            <summary>
            Gets the text data for the drag event args. The preferred
            format to use is <code>UnicodeText</code>, followed by
            <code>StringFormat</code>.  If neither of these are present
            then the return from <code>ToString</code> on the first format 
            returned by the <code>GetFormats</code> method of the 
            <code>DragEventArgs</code> <code>Data</code> object is used.
            </summary>
            <param name="e">The event details associated with the 
            DragDrop event.</param>
            <returns>A string containing the text to drop.</returns>
        </member>
        <member name="P:vbAccelerator.Controls.TextBox.DragDropTextBox.DrawDragImage">
            <summary>
            Gets/sets whether a drag image will be created and
            drawn during dragging or not.  Defaults to <code>False</code>.
            </summary>
        </member>
        <member name="P:vbAccelerator.Controls.TextBox.DragDropTextBox.ImageList">
            <summary>
            Gets/sets the ImageList to use to construct the custom
            drag image.
            </summary>
        </member>
        <member name="T:vbAccelerator.Controls.TextBox.TextBoxDragDropHelper">
            <summary>
            Wraps API calls for access to missing functionality
            from the System.Windows.Forms text box.
            </summary>
        </member>
        <member name="M:vbAccelerator.Controls.TextBox.TextBoxDragDropHelper.ShowCaret(System.Windows.Forms.TextBox)">
            <summary>
            Attempts to make the caret visible in a TextBox control.
            This will not always succeed since the TextBox control
            appears to destroy its caret fairly frequently.
            </summary>
            <param name="txt">The text box to show the caret in.</param>
        </member>
        <member name="M:vbAccelerator.Controls.TextBox.TextBoxDragDropHelper.CharFromPos(System.Windows.Forms.TextBox,System.Drawing.Point)">
            <summary>
            Returns the index of the character under the specified 
            point in the control, or the nearest character if there
            is no character under the point.
            </summary>
            <param name="txt">The text box control to check.</param>
            <param name="pt">The point to find the character for, 
            specified relative to the client area of the text box.</param>
            <returns></returns>
        </member>
        <member name="M:vbAccelerator.Controls.TextBox.TextBoxDragDropHelper.PosFromChar(System.Windows.Forms.TextBox,System.Int32)">
            <summary>
            Returns the position of the specified character
            </summary>
            <param name="txt">The text box to find the character in.</param>
            <param name="charIndex">The index of the character whose
            position needs to be found.</param>
            <returns>The position of the character relative to the client
            area of the control.</returns>
        </member>
        <member name="T:ImageListDragCS.frmImageListDragDrop">
            <summary>
            Summary description for Form1.
            </summary>
        </member>
        <member name="M:ImageListDragCS.frmImageListDragDrop.#ctor">
            <summary>
            A demonstration form showing how to use the ImageList
            Dragging functionality with a System.Windows.Forms
            control (a TextBox) as well as a custom control.
            </summary>
        </member>
        <member name="M:ImageListDragCS.frmImageListDragDrop.Dispose(System.Boolean)">
            <summary>
            Clean up any resources being used.
            </summary>
        </member>
        <member name="M:ImageListDragCS.frmImageListDragDrop.InitializeComponent">
            <summary>
            Required method for Designer support - do not modify
            the contents of this method with the code editor.
            </summary>
        </member>
        <member name="M:ImageListDragCS.frmImageListDragDrop.Main">
            <summary>
            The main entry point for the application.
            </summary>
        </member>
        <member name="T:vbAccelerator.Controls.Demo.IconDragDropDemoControl">
            <summary>
            Summary description for IconDragDropDemoControl.
            </summary>
        </member>
        <member name="F:vbAccelerator.Controls.Demo.IconDragDropDemoControl.ils">
            <summary>
            The ImageList to draw the icons from.
            </summary>
        </member>
        <member name="F:vbAccelerator.Controls.Demo.IconDragDropDemoControl.items">
            <summary>
            Collection of items associated with the control.
            </summary>
        </member>
        <member name="F:vbAccelerator.Controls.Demo.IconDragDropDemoControl.itemSize">
            <summary>
            Size of items.
            </summary>
        </member>
        <member name="F:vbAccelerator.Controls.Demo.IconDragDropDemoControl.dragging">
            <summary>
            The item we're dragging:
            </summary>
        </member>
        <member name="F:vbAccelerator.Controls.Demo.IconDragDropDemoControl.dragOver">
            <summary>
            The item that we're currently over:
            </summary>
        </member>
        <member name="F:vbAccelerator.Controls.Demo.IconDragDropDemoControl.ilsDrag">
            <summary>
            An object which produces nice alpha blended drag
            images for the item I'm dragging:
            </summary>
        </member>
        <member name="F:vbAccelerator.Controls.Demo.IconDragDropDemoControl.components">
            <summary> 
            Required designer variable.
            </summary>
        </member>
        <member name="M:vbAccelerator.Controls.Demo.IconDragDropDemoControl.#ctor">
            <summary>
            Constructs a new instance of the icon drag-drop control.
            </summary>
        </member>
        <member name="M:vbAccelerator.Controls.Demo.IconDragDropDemoControl.Dispose(System.Boolean)">
            <summary> 
            Clean up any resources being used.
            </summary>
        </member>
        <member name="M:vbAccelerator.Controls.Demo.IconDragDropDemoControl.InitializeComponent">
            <summary> 
            Required method for Designer support - do not modify 
            the contents of this method with the code editor.
            </summary>
        </member>
        <member name="M:vbAccelerator.Controls.Demo.IconDragDropDemoControl.OnMouseDown(System.Windows.Forms.MouseEventArgs)">
            <summary>
            Raises the mouse down message and checks whether the
            mouse down event is using the left mouse button over
            an icon.
            </summary>
            <param name="e"></param>
        </member>
        <member name="M:vbAccelerator.Controls.Demo.IconDragDropDemoControl.OnDragDrop(System.Windows.Forms.DragEventArgs)">
            <summary>
            Raises the DragDrop event and checks if the item can
            be inserted.
            </summary>
            <param name="e"></param>
        </member>
        <member name="M:vbAccelerator.Controls.Demo.IconDragDropDemoControl.OnDragOver(System.Windows.Forms.DragEventArgs)">
            <summary>
            Raises the DragOver event and checks whether
            the item can be dropped at the specified position.
            </summary>
            <param name="e">The details associated with the
            DragOver event.</param>
        </member>
        <member name="M:vbAccelerator.Controls.Demo.IconDragDropDemoControl.OnGiveFeedback(System.Windows.Forms.GiveFeedbackEventArgs)">
            <summary>
            Raises the GiveFeedback event and displays the 
            customised drag image.
            </summary>
            <param name="e">The details associated with the
            GiveFeedback event.</param>
        </member>
        <member name="M:vbAccelerator.Controls.Demo.IconDragDropDemoControl.OnPaint(System.Windows.Forms.PaintEventArgs)">
            <summary>
            Raises the Paint event and renders the control.
            </summary>
            <param name="e">The details of the Paint event
            to be be performed.</param>
        </member>
        <member name="M:vbAccelerator.Controls.Demo.IconDragDropDemoControl.ItemChanged">
            <summary>
            Used by the items and the item collection which belong
            to this control to notify it that something needs to be
            redrawn.
            </summary>
        </member>
        <member name="P:vbAccelerator.Controls.Demo.IconDragDropDemoControl.ItemSize">
            <summary>
            Gets/sets the size of each item in the control.
            </summary>
        </member>
        <member name="P:vbAccelerator.Controls.Demo.IconDragDropDemoControl.Items">
            <summary>
            Items contained within this control.
            </summary>
        </member>
        <member name="P:vbAccelerator.Controls.Demo.IconDragDropDemoControl.ImageList">
            <summary>
            Gets/sets the ImageList used to render this control.
            </summary>
        </member>
        <member name="T:vbAccelerator.Controls.Demo.IconDragDropDemoControlCollection">
            <summary>
            Manages the collection of <code>IconDragDropDemoControlItem</code>
            objects to shown in the <code>IconDragDropDemoControl</code>.
            </summary>
        </member>
        <member name="F:vbAccelerator.Controls.Demo.IconDragDropDemoControlCollection.owner">
            <summary>
            The owning control for this item collection.
            </summary>
        </member>
        <member name="M:vbAccelerator.Controls.Demo.IconDragDropDemoControlCollection.HitTest(System.Drawing.Point)">
            <summary>
            Tests whether the specified point is over an item
            in the control or not.
            </summary>
            <param name="pt">The point to test, relative to the
            client area of the control.</param>
            <returns>The 0-based index of the item in the control
            that contains the point, or -1 if no item is found.</returns>
        </member>
        <member name="M:vbAccelerator.Controls.Demo.IconDragDropDemoControlCollection.Draw(System.Drawing.Graphics,System.Windows.Forms.ImageList,System.Drawing.Rectangle,System.Drawing.Size)">
            <summary>
            Draws the items in the collection onto the 
            specified graphics object.
            </summary>
            <param name="gfx">The graphics object to draw onto.</param>
            <param name="ils">The ImageList to source images from.</param>
            <param name="bounds">The bounding rectangle of the client 
            area of the control.</param>
            <param name="itemSize">The size for each item.</param>
        </member>
        <member name="M:vbAccelerator.Controls.Demo.IconDragDropDemoControlCollection.IndexOf(vbAccelerator.Controls.Demo.IconDragDropDemoControlItem)">
            <summary>
            Returns the 0-based index of the specified 
            <code>IconDragDropDemoControlItem</code> object in the collection,
            if it exists, or -1 otherwise.
            </summary>
            <param name="item">The item to find the index for.</param>
            <returns>The 0-based index of the item if it exists, or -1 otherwise.</returns>
        </member>
        <member name="M:vbAccelerator.Controls.Demo.IconDragDropDemoControlCollection.Add(vbAccelerator.Controls.Demo.IconDragDropDemoControlItem)">
            <summary>
            Adds a new <code>IconDragDropDemoControlItem</code> to the control.
            </summary>
            <param name="item">The item to add.</param>
        </member>
        <member name="M:vbAccelerator.Controls.Demo.IconDragDropDemoControlCollection.Insert(System.Int32,vbAccelerator.Controls.Demo.IconDragDropDemoControlItem)">
            <summary>
            Inserts a new <code>IconDragDropDemoControlItem</code> to the control.
            </summary>
            <param name="index">The index to insert at.</param>
            <param name="item">The item to add.</param>
        </member>
        <member name="M:vbAccelerator.Controls.Demo.IconDragDropDemoControlCollection.Remove(vbAccelerator.Controls.Demo.IconDragDropDemoControlItem)">
            <summary>
            Removes the specified <code>IconDragDropDemoControlItem</code>
            from the control.
            </summary>
            <param name="item">The item to remove.</param>
        </member>
        <member name="M:vbAccelerator.Controls.Demo.IconDragDropDemoControlCollection.#ctor(vbAccelerator.Controls.Demo.IconDragDropDemoControl)">
            <summary>
            Constructs a new instance of this object for the specified
            <code>IconDragDropDemoControl</code>.
            </summary>
            <param name="owner">The owning control for this collection.</param>
        </member>
        <member name="P:vbAccelerator.Controls.Demo.IconDragDropDemoControlCollection.Item(System.Int32)">
            <summary>
            Returns the <code>IconDragDropDemoControlItem</code>
            at the specified 0-based index.
            </summary>
        </member>
        <member name="T:vbAccelerator.Controls.Demo.IconDragDropDemoControlItem">
            <summary>
            Represents an item in the <code>IconDragDropDemoControl</code>.
            Items have an icon and a caption and are displayed in a grid within
            the control.
            </summary>
        </member>
        <member name="F:vbAccelerator.Controls.Demo.IconDragDropDemoControlItem.iconIndex">
            <summary>
            The icon index for the item.
            </summary>
        </member>
        <member name="F:vbAccelerator.Controls.Demo.IconDragDropDemoControlItem.caption">
            <summary>
            The caption for the item.
            </summary>
        </member>
        <member name="F:vbAccelerator.Controls.Demo.IconDragDropDemoControlItem.tag">
            <summary>
            User-defined data to associate with the item.
            </summary>
        </member>
        <member name="F:vbAccelerator.Controls.Demo.IconDragDropDemoControlItem.rect">
            <summary>
            The last rectangle in which this item was drawn.
            </summary>
        </member>
        <member name="F:vbAccelerator.Controls.Demo.IconDragDropDemoControlItem.owner">
            <summary>
            The owning control for this item.
            </summary>
        </member>
        <member name="M:vbAccelerator.Controls.Demo.IconDragDropDemoControlItem.ToString">
            <summary>
            Returns the caption of this item.
            </summary>
        </member>
        <member name="M:vbAccelerator.Controls.Demo.IconDragDropDemoControlItem.Draw(System.Drawing.Graphics,System.Windows.Forms.ImageList,System.Drawing.Rectangle)">
            <summary>
            Draws this item on the specified graphics object
            with the specified bounds.
            </summary>
            <param name="gfx">Graphics object to draw on.</param>
            <param name="ils">ImageList to source icon from.</param>
            <param name="bounds">Bounds within which to draw.</param>
        </member>
        <member name="M:vbAccelerator.Controls.Demo.IconDragDropDemoControlItem.HitTest(System.Drawing.Point)">
            <summary>
            Checks whether the specified point falls within
            the boundaries of this item or not.
            </summary>
            <param name="pt">Point to check.</param>
            <returns>True if point within the item,
            False otherwise.</returns>
        </member>
        <member name="M:vbAccelerator.Controls.Demo.IconDragDropDemoControlItem.#ctor(System.String,System.Int32)">
            <summary>
            Constructs a new instance of an IconDragDropDemoControl
            item with the specified caption and icon.
            </summary>
            <param name="caption">The caption to show.</param>
            <param name="iconIndex">The 0-based icon index to use, or -1
            if no icon should be used.</param>
        </member>
        <member name="P:vbAccelerator.Controls.Demo.IconDragDropDemoControlItem.Caption">
            <summary>
            Gets/sets the caption for this item.
            </summary>
        </member>
        <member name="P:vbAccelerator.Controls.Demo.IconDragDropDemoControlItem.IconIndex">
            <summary>
            Gets/sets the IconIndex for this item.
            </summary>
        </member>
        <member name="P:vbAccelerator.Controls.Demo.IconDragDropDemoControlItem.Tag">
            <summary>
            Gets/sets the user-defined data associated with this item.
            </summary>
        </member>
        <member name="P:vbAccelerator.Controls.Demo.IconDragDropDemoControlItem.Owner">
            <summary>
            Gets/sets the owning control for this item.
            </summary>
        </member>
        <member name="T:vbAccelerator.Components.ImageList.ImageListDrag">
            <summary>
            Provides the ability to create 32-bit alpha drag images
            using the ImageList drag functionality in .NET.
            </summary>
        </member>
        <member name="F:vbAccelerator.Components.ImageList.ImageListDrag.iml">
            <summary>
            The <code>ImageList</code> to use to source the drag-drop image from.
            </summary>
        </member>
        <member name="F:vbAccelerator.Components.ImageList.ImageListDrag.owner">
            <summary>
            The <code>Control</code> which owns this class.
            </summary>
        </member>
        <member name="F:vbAccelerator.Components.ImageList.ImageListDrag.hWndLast">
            <summary>
            The Window handle which we're dragging over.
            </summary>
        </member>
        <member name="F:vbAccelerator.Components.ImageList.ImageListDrag.inDrag">
            <summary>
            Whether dragging is occurring or not.
            </summary>
        </member>
        <member name="F:vbAccelerator.Components.ImageList.ImageListDrag.startDrag">
            <summary>
            Whether we have suspended image
            dragging and need to start it again when the
            cursor next moves.
            </summary>
        </member>
        <member name="F:vbAccelerator.Components.ImageList.ImageListDrag.disposed">
            <summary>
            Whether this class has been disposed or not.
            </summary>
        </member>
        <member name="M:vbAccelerator.Components.ImageList.ImageListDrag.StartDrag(System.Int32)">
            <summary>
            Starts a dragging operation which will use
            an ImageList to create a drag image and defaults
            the position of the image to the cursor's drag
            point.
            </summary>
            <param name="imageIndex">The index of the image in
            the ImageList to use for the drag image.</param>
        </member>
        <member name="M:vbAccelerator.Components.ImageList.ImageListDrag.StartDrag(System.Int32,System.Int32,System.Int32)">
            <summary>
            Starts a dragging operation which will use
            an ImageList to create a drag image and allows
            the offset of the Image from the drag position
            to be specified.
            </summary>
            <param name="imageIndex">The index of the image in
            the ImageList to use for the drag image.</param>
            <param name="xOffset">The horizontal offset of the drag image
            from the drag position.  Negative values move the image
            to the right of the cursor, positive values move it
            to the left.</param>
            <param name="yOffset">The vertical offset of the drag image
            from the drag position. Negative values move the image
            below the cursor, positive values move it above.</param>
        </member>
        <member name="M:vbAccelerator.Components.ImageList.ImageListDrag.DragDrop">
            <summary>
            Shows the ImageList drag image at the current
            dragging position.
            </summary>
        </member>
        <member name="M:vbAccelerator.Components.ImageList.ImageListDrag.CompleteDrag">
            <summary>
            Completes a drag operation.
            </summary>
        </member>
        <member name="M:vbAccelerator.Components.ImageList.ImageListDrag.HideDragImage(System.Boolean)">
            <summary>
            Shows or hides the drag image.  This is used to prevent
            painting problems if the area under the drag needs to
            be repainted.
            </summary>
            <param name="state">True to hide the drag image and
            allow repainting, False to show the drag image.</param>
        </member>
        <member name="M:vbAccelerator.Components.ImageList.ImageListDrag.#ctor">
            <summary>
            Constructs a new instance of the ImageListDrag class.
            </summary>
        </member>
        <member name="M:vbAccelerator.Components.ImageList.ImageListDrag.Dispose">
            <summary>
            Clears up any resources associated with this object.
            Note there are only resources associated when there is
            a drag operation in effect.
            </summary>
        </member>
        <member name="M:vbAccelerator.Components.ImageList.ImageListDrag.Finalize">
            <summary>
            Finalize calls Dispose if it hasn't already been called.
            </summary>
        </member>
        <member name="P:vbAccelerator.Components.ImageList.ImageListDrag.Imagelist">
            <summary>
            Gets/sets the ImageList used to source drag images.
            </summary>
        </member>
        <member name="P:vbAccelerator.Components.ImageList.ImageListDrag.Owner">
            <summary>
            Gets/sets the Owning control or form for this object.
            </summary>
        </member>
    </members>
</doc>
