<?xml version="1.0"?>
<doc>
    <assembly>
        <name>acclVSNetListBar</name>
    </assembly>
    <members>
        <member name="T:vbAccelerator.Components.Drawing.CustomBorderColor">
            <summary>
            A class for deriving border colours for colours other than
            the system control colour using luminance adjustment
            techniques.  Requires the vbAccelerator <see cref="T:vbAccelerator.Components.Drawing.HLSRGB"/>
            class.
            </summary>
        </member>
        <member name="M:vbAccelerator.Components.Drawing.CustomBorderColor.#ctor">
            <summary>
            Private constructor - only static methods in this class.
            </summary>
        </member>
        <member name="M:vbAccelerator.Components.Drawing.CustomBorderColor.GreyScale(System.Drawing.Color)">
            <summary>
            Returns the grey intensity of a colour using the ITU
            grey-scale standard.
            </summary>
            <param name="color">The <see cref="T:System.Drawing.Color"/> to get
            the grey scale value for.</param>
            <returns>A value between 0 and 255 holding the grey scale amount.
            This can be used as the r, g and b arguments to the
            <c>Color</c> class to construct the grey scale colour.</returns>
        </member>
        <member name="M:vbAccelerator.Components.Drawing.CustomBorderColor.DrawBorder(System.Drawing.Graphics,System.Drawing.Rectangle,System.Drawing.Color,System.Boolean,System.Boolean)">
            <summary>
            Draw a border on the specified <see cref="T:System.Drawing.Graphics"/>
            object.
            </summary>
            <param name="gfx">The <see cref="T:System.Drawing.Graphics"/> object
            to draw onto.</param>
            <param name="rect">The <see cref="T:System.Drawing.Rectangle"/> boundary
            for the border.</param>
            <param name="color">The <see cref="T:System.Drawing.Color"/> of the 
            object.  This is used to determine the border colours.</param>
            <param name="thin">Whether to draw a thin border or not.</param>
            <param name="pressed">Whether the border should be drawn pressed
            or raised.</param>
        </member>
        <member name="M:vbAccelerator.Components.Drawing.CustomBorderColor.ColorDarkDark(System.Drawing.Color)">
            <summary>
            Returns the equivalent of the <see cref="F:System.Drawing.KnownColor.ControlDarkDark"/>
            colour for a specified colour.
            </summary>
            <param name="color">The <see cref="T:System.Drawing.Color"/> to get the darker
            shadow shade for.</param>
            <returns>The darker shadow <see cref="T:System.Drawing.Color"/> for the specified
            colour.</returns>
        </member>
        <member name="M:vbAccelerator.Components.Drawing.CustomBorderColor.ColorDark(System.Drawing.Color)">
            <summary>
            Returns the equivalent of the <see cref="F:System.Drawing.KnownColor.ControlDark"/>
            colour for a specified colour.
            </summary>
            <param name="color">The <see cref="T:System.Drawing.Color"/> to get the 
            shadow shade for.</param>
            <returns>The shadow <see cref="T:System.Drawing.Color"/> for the specified
            colour.</returns>
        </member>
        <member name="M:vbAccelerator.Components.Drawing.CustomBorderColor.ColorLight(System.Drawing.Color)">
            <summary>
            Returns the equivalent of the <see cref="F:System.Drawing.KnownColor.ControlLight"/>
            colour for a specified colour.
            </summary>
            <param name="color">The <see cref="T:System.Drawing.Color"/> to get the highlight
            shade for.</param>
            <returns>The highlight <see cref="T:System.Drawing.Color"/> for the specified
            colour.</returns>
        </member>
        <member name="M:vbAccelerator.Components.Drawing.CustomBorderColor.ColorLightLight(System.Drawing.Color)">
            <summary>
            Returns the equivalent of the <see cref="F:System.Drawing.KnownColor.ControlLightLight"/>
            colour for a specified colour.
            </summary>
            <param name="color">The <see cref="T:System.Drawing.Color"/> to get the lightest
            highlight shade for.</param>
            <returns>The lightest highlight <see cref="T:System.Drawing.Color"/> for the specified
            colour.</returns>
        </member>
        <member name="T:vbAccelerator.Components.Drawing.HLSRGB">
            <summary>
            Provides a helper class allowing bi-directional conversion
            between RGB and HLS (Hue, Luminance, Saturation) colour
            models.  The HLS model is helpful if you want to produce
            darker or ligher shades of colours (by varying the Luminance)
            or if you want to produce a brigher or more washed out 
            variant (by changing the Saturation).  These operations are
            typically very difficult to do in the RGB space.
            </summary>
        </member>
        <member name="M:vbAccelerator.Components.Drawing.HLSRGB.LightenColor(System.Single)">
            <summary>
            Lightens the colour by the specified amount by modifying
            the luminance (for example, 0.2 would lighten the colour by 20%)
            </summary>
        </member>
        <member name="M:vbAccelerator.Components.Drawing.HLSRGB.DarkenColor(System.Single)">
            <summary>
            Darkens the colour by the specified amount by modifying
            the luminance (for example, 0.2 would darken the colour by 20%)
            </summary>
        </member>
        <member name="M:vbAccelerator.Components.Drawing.HLSRGB.#ctor(System.Drawing.Color)">
            <summary>
            Constructs an instance of the class from the specified
            System.Drawing.Color
            </summary>
            <param name="c">The System.Drawing.Color to use to initialise the class</param>
        </member>
        <member name="M:vbAccelerator.Components.Drawing.HLSRGB.#ctor(System.Single,System.Single,System.Single)">
            <summary>
            Constructs an instance of the class with the specified hue, luminance and saturation values.
            </summary>
            <param name="hue">The Hue (between 0.0 and 360.0)</param>
            <param name="luminance">The Luminance (between 0.0 and 1.0)</param>
            <param name="saturation">The Saturation (between 0.0 and 1.0)</param>
            <exception cref="T:System.ArgumentOutOfRangeException">If any of the H,L,S values are out of the acceptable range (0.0-360.0 for Hue and 0.0-1.0 for Luminance and Saturation)</exception>
        </member>
        <member name="M:vbAccelerator.Components.Drawing.HLSRGB.#ctor(System.Byte,System.Byte,System.Byte)">
            <summary>
            Constructs an instance of the class with the specified red, green and blue values.
            </summary>
            <param name="red">The red component.</param>
            <param name="green">The green component.</param>
            <param name="blue">The blue component.</param>
        </member>
        <member name="M:vbAccelerator.Components.Drawing.HLSRGB.#ctor(vbAccelerator.Components.Drawing.HLSRGB)">
            <summary>
            Constructs an instance of the class using the settings of another instance.
            </summary>
            <param name="hlsrgb">The instance to clone.</param>
        </member>
        <member name="M:vbAccelerator.Components.Drawing.HLSRGB.#ctor">
            <summary>
            Constructs a new instance of the class initialised to black.
            </summary>
        </member>
        <member name="P:vbAccelerator.Components.Drawing.HLSRGB.Red">
            <summary>
            Gets or sets the Red component of the colour.
            </summary>
        </member>
        <member name="P:vbAccelerator.Components.Drawing.HLSRGB.Green">
            <summary>
            Gets or sets the Green component of the colour.
            </summary>
        </member>
        <member name="P:vbAccelerator.Components.Drawing.HLSRGB.Blue">
            <summary>
            Gets or sets the Blue component of the colour.
            </summary>
        </member>
        <member name="P:vbAccelerator.Components.Drawing.HLSRGB.Luminance">
            <summary>
            Gets or sets the Luminance (0.0 to 1.0) of the colour.
            </summary>
            <exception cref="T:System.ArgumentOutOfRangeException">If the value is out of the acceptable range for luminance (0.0 to 1.0)</exception>
        </member>
        <member name="P:vbAccelerator.Components.Drawing.HLSRGB.Hue">
            <summary>
            Gets or sets the Hue (0.0 to 360.0) of the colour.
            </summary>
            <exception cref="T:System.ArgumentOutOfRangeException">If the value is out of the acceptable range for hue (0.0 to 360.0)</exception>
        </member>
        <member name="P:vbAccelerator.Components.Drawing.HLSRGB.Saturation">
            <summary>
            Gets or sets the Saturation (0.0 to 1.0) of the colour.
            </summary>
            <exception cref="T:System.ArgumentOutOfRangeException">If the value is out of the acceptable range for saturation (0.0 to 1.0)</exception>
        </member>
        <member name="P:vbAccelerator.Components.Drawing.HLSRGB.Color">
            <summary>
            Gets or sets the Color as a System.Drawing.Color instance
            </summary>
        </member>
        <member name="T:vbAccelerator.Components.ListBarControl.VSNetListBar">
            <summary>
            A class which subclasses the vbAccelerator .NET <see cref="T:vbAccelerator.Components.ListBarControl.ListBar"/> control 
            so it renders like the VS.NET ListBar control.
            The primary changes are:
            <list type="bullet">To remove the control's border.</list>
            <list type="bullet">To place the scroll buttons adjacent to the bar
            selection buttons.</list>
            <list type="bullet">To provide a method to prevent an item from
            begin dragged.</list>
            <list type="bullet">To render a popup window showing additional
            detail of an item if it is too wide to display (TODO).</list>
            </summary>
        </member>
        <member name="M:vbAccelerator.Components.ListBarControl.VSNetListBar.CreateListBarScrollButton(vbAccelerator.Components.ListBarControl.ListBarScrollButton.ListBarScrollButtonType)">
            <summary>
            Creates a new instance of a <see cref="T:vbAccelerator.Components.ListBarControl.ListBarScrollButton"/> used by 
            this control to draw the scroll buttons.  Fired during control initialisation
            </summary>
            <param name="buttonType">The type of scroll button (Up or Down)
            to create</param>
            <returns>A new <see cref="T:vbAccelerator.Components.ListBarControl.ListBarScrollButton"/> which is drawn when a 
            <see cref="T:vbAccelerator.Components.ListBarControl.ListBarGroup"/> contains more items than can be 
            displayed.</returns>
        </member>
        <member name="M:vbAccelerator.Components.ListBarControl.VSNetListBar.CreateListBarGroupCollection">
            <summary>
            Returns a new instance of the object to hold a collection
            of groups.
            </summary>
            <returns>The new <see cref="T:vbAccelerator.Components.ListBarControl.VSNetListBarGroupCollection"/></returns>
        </member>
        <member name="M:vbAccelerator.Components.ListBarControl.VSNetListBar.GetGroupButtonWidth(vbAccelerator.Components.ListBarControl.ListBarGroup)">
            <summary>
            Called by the control's internal sizing mechanism.
            Returns the width of a <see cref="T:vbAccelerator.Components.ListBarControl.ListBarGroup"/> button
            rectangle.
            </summary>
            <param name="group">The <see cref="T:vbAccelerator.Components.ListBarControl.ListBarGroup"/> to get the size of the 
            button for.</param>
            <returns>The width of the button.</returns>
        </member>
        <member name="M:vbAccelerator.Components.ListBarControl.VSNetListBar.GetScrollButtonRectangle(vbAccelerator.Components.ListBarControl.ListBarScrollButton.ListBarScrollButtonType,vbAccelerator.Components.ListBarControl.ListBarGroup,System.Int32)">
            <summary>
            Called by the control's internal sizing mechanism.
            Returns the rectangle for a scroll button.  
            </summary>
            <param name="buttonType">The scroll button to
            get the rectangle for.</param>
            <param name="selectedGroup">The Selected Group in the control.</param>
            <param name="internalGroupHeight">The internal height of the
            selected group</param>
            <returns>The Rectangle for the scroll button.</returns>
        </member>
        <member name="M:vbAccelerator.Components.ListBarControl.VSNetListBar.GetClientRectangleExcludingBorder">
            <summary>
            Called by the control's internal sizing mechanism.
            Returns the client size excluding the border of the
            control.
            </summary>
            <returns>A <c>Rectangle</c> providing the area to 
            draw the control into.</returns>
        </member>
        <member name="M:vbAccelerator.Components.ListBarControl.VSNetListBar.RenderControlBorder(System.Drawing.Graphics)">
            <summary>
            Draw a border around the control.  The default
            implementation draws a 1 pixel inset border.
            </summary>
            <param name="gfx">The graphics object to drawn onto.</param>
        </member>
        <member name="M:vbAccelerator.Components.ListBarControl.VSNetListBar.#ctor">
            <summary>
            Creates a new instance of the VSNetListBar control.
            </summary>
        </member>
        <member name="P:vbAccelerator.Components.ListBarControl.VSNetListBar.Groups">
            <summary>
            Gets the collection of <see cref="T:vbAccelerator.Components.ListBarControl.VSNetListBarGroup"/> objects
            associated with the control.
            </summary>		
        </member>
        <member name="P:vbAccelerator.Components.ListBarControl.VSNetListBar.SelectedGroup">
            <summary>
            Returns the currently selected <see cref="T:vbAccelerator.Components.ListBarControl.VSNetListBarGroup"/>
            object in the control.
            </summary>
        </member>
        <member name="T:vbAccelerator.Components.ListBarControl.VSNetListBarGroupCollection">
            <summary>
            Maintains the collection of groups within the VS.NET ListBar
            control.
            </summary>
        </member>
        <member name="M:vbAccelerator.Components.ListBarControl.VSNetListBarGroupCollection.Add(vbAccelerator.Components.ListBarControl.VSNetListBarGroup)">
            <summary>
            Adds a new group to the control.
            </summary>
            <param name="group">The <see cref="T:vbAccelerator.Components.ListBarControl.VSNetListBarGroup"/> to add.</param>
            <returns>The 0-based index of the added group.</returns>
        </member>
        <member name="M:vbAccelerator.Components.ListBarControl.VSNetListBarGroupCollection.Add(System.String)">
            <summary>
            Adds a new group with the specified caption and returns a reference
            to it.
            </summary>
            <param name="caption">The caption for the group to create.</param>
            <returns>The newly created <see cref="T:vbAccelerator.Components.ListBarControl.VSNetListBarGroup"/></returns>
        </member>
        <member name="M:vbAccelerator.Components.ListBarControl.VSNetListBarGroupCollection.AddRange(vbAccelerator.Components.ListBarControl.VSNetListBarGroup[])">
            <summary>
            Adds a range of groups to the collection.
            </summary>
            <param name="values">An array of <see cref="T:vbAccelerator.Components.ListBarControl.VSNetListBarGroup"/> objects.</param>
        </member>
        <member name="M:vbAccelerator.Components.ListBarControl.VSNetListBarGroupCollection.AddRange(System.String[])">
            <summary>
            Adds a range of new groups with the specified captions to the collection.
            </summary>
            <param name="captions">Array of captions for the new groups to create.</param>
        </member>
        <member name="M:vbAccelerator.Components.ListBarControl.VSNetListBarGroupCollection.Contains(vbAccelerator.Components.ListBarControl.VSNetListBarGroup)">
            <summary>
            Determines whether a <see cref="T:vbAccelerator.Components.ListBarControl.ListBarGroup"/> element is contained within 
            the control's collection of groups.
            </summary>
            <param name="group">The ListBarGroup to check if present.</param>
            <returns>True if the ListBarGroup is contained within the control's
            collection, False otherwise.</returns>
        </member>
        <member name="M:vbAccelerator.Components.ListBarControl.VSNetListBarGroupCollection.IndexOf(vbAccelerator.Components.ListBarControl.VSNetListBarGroup)">
            <summary>
            Gets the 0-based index of the specified <see cref="T:vbAccelerator.Components.ListBarControl.ListBarGroup"/> within this
            collection.
            </summary>
            <param name="group">The group to find the index for.</param>
            <returns>The 0-based index of the group, if found, otherwise - 1.</returns>
        </member>
        <member name="M:vbAccelerator.Components.ListBarControl.VSNetListBarGroupCollection.Insert(System.Int32,vbAccelerator.Components.ListBarControl.VSNetListBarGroup)">
            <summary>
            Inserts a group at the specified 0-based index in the collection
            of groups.
            </summary>
            <param name="index">The 0-based index to insert the group at.</param>
            <param name="group">The ListBarGroup to add.</param>
        </member>
        <member name="M:vbAccelerator.Components.ListBarControl.VSNetListBarGroupCollection.InsertBefore(vbAccelerator.Components.ListBarControl.VSNetListBarGroup,vbAccelerator.Components.ListBarControl.VSNetListBarGroup)">
            <summary>
            Inserts a group immediately before the specified <see cref="T:vbAccelerator.Components.ListBarControl.VSNetListBarGroup"/>.
            </summary>
            <param name="groupBefore"><see cref="T:vbAccelerator.Components.ListBarControl.VSNetListBarGroup"/> to insert before.</param>
            <param name="group">Group to insert.</param>
        </member>
        <member name="M:vbAccelerator.Components.ListBarControl.VSNetListBarGroupCollection.InsertAfter(vbAccelerator.Components.ListBarControl.VSNetListBarGroup,vbAccelerator.Components.ListBarControl.VSNetListBarGroup)">
            <summary>
            Inserts a <see cref="T:vbAccelerator.Components.ListBarControl.VSNetListBarGroup"/> immediately after the specified VSNetListBarGroup.
            </summary>
            <param name="groupAfter">VSNetListBarGroup to insert after.</param>
            <param name="group">Group to insert.</param>
        </member>
        <member name="M:vbAccelerator.Components.ListBarControl.VSNetListBarGroupCollection.Remove(vbAccelerator.Components.ListBarControl.VSNetListBarGroup)">
            <summary>
            Removes the specified <see cref="T:vbAccelerator.Components.ListBarControl.ListBarGroup"/>.
            </summary>
            <param name="group">The group to remove.</param>
        </member>
        <member name="M:vbAccelerator.Components.ListBarControl.VSNetListBarGroupCollection.#ctor(vbAccelerator.Components.ListBarControl.VSNetListBar)">
            <summary>
            Constructs a new instance of this collection.
            </summary>
            <param name="listBar">The owning <see cref="T:vbAccelerator.Components.ListBarControl.VSNetListBar"/> control.</param>
        </member>
        <member name="P:vbAccelerator.Components.ListBarControl.VSNetListBarGroupCollection.Item(System.Int32)">
            <summary>
            Gets the <see cref="T:vbAccelerator.Components.ListBarControl.VSNetListBarGroup"/> at the specified 0-based index.
            </summary>
        </member>
        <member name="P:vbAccelerator.Components.ListBarControl.VSNetListBarGroupCollection.Item(System.String)">
            <summary>
            Gets the <see cref="T:vbAccelerator.Components.ListBarControl.VSNetListBarGroup"/> with the specified key.
            </summary>
        </member>
        <member name="T:vbAccelerator.Components.ListBarControl.VSNetListBarGroup">
            <summary>
            An extended ListBarGroup which renders with the VS.NET
            ListBar appearance
            </summary>
        </member>
        <member name="M:vbAccelerator.Components.ListBarControl.VSNetListBarGroup.DrawBar(System.Drawing.Graphics,System.Drawing.Rectangle,System.Windows.Forms.ImageList,System.Drawing.Font,vbAccelerator.Components.ListBarControl.ListBarDrawStyle,System.Boolean)">
            <summary>
            Draws the items within this group bar onto the control.
            </summary>
            <param name="gfx">The graphics object to draw onto.</param>
            <param name="bounds">The bounding rectangle within which
            to draw the items.</param>
            <param name="ils">The ImageList object to use to draw
            the bar.</param>
            <param name="defaultFont">The default font to draw the item with.</param>
            <param name="style">The style to draw the ListBar in.</param>
            <param name="controlEnabled">Whether the control is enabled or not.</param>
        </member>
        <member name="M:vbAccelerator.Components.ListBarControl.VSNetListBarGroup.DrawButton(System.Drawing.Graphics,System.Drawing.Font,System.Boolean)">
            <summary>
            Draws the button for this group bar onto the control.
            </summary>
            <param name="gfx">The graphics object to draw onto.</param>
            <param name="defaultFont">The default font to use to draw the control.</param>
            <param name="controlEnabled">Whether the control is enabled or not.</param>
        </member>
        <member name="M:vbAccelerator.Components.ListBarControl.VSNetListBarGroup.SetButtonHeight(System.Drawing.Font)">
            <summary>
            Sets the height of the button for this group.
            </summary>
            <param name="defaultFont">The default <see cref="T:System.Drawing.Font"/>
            to use if this item doesn't already have a font set.</param>
        </member>
        <member name="M:vbAccelerator.Components.ListBarControl.VSNetListBarGroup.#ctor">
            <summary>
            Constructs a new, blank instance of a ListBarGroup.
            </summary>
        </member>
        <member name="M:vbAccelerator.Components.ListBarControl.VSNetListBarGroup.#ctor(System.String)">
            <summary>
            Constructs a new instance of a ListBarGroup with the specified
            caption.
            </summary>
            <param name="caption">Caption for the group's control button.</param>
        </member>
        <member name="M:vbAccelerator.Components.ListBarControl.VSNetListBarGroup.#ctor(System.String,vbAccelerator.Components.ListBarControl.ListBarItem[])">
            <summary>
            Constructs a new instance of a ListBarGroup with the specified
            caption and items.
            </summary>
            <param name="caption">Caption for the group's control button.</param>
            <param name="subItems">The array of items to add to the group's
            collection of items.</param>
        </member>
        <member name="M:vbAccelerator.Components.ListBarControl.VSNetListBarGroup.#ctor(System.String,System.String)">
            <summary>
            Constructs a new instance of a ListBarGroup with the specified
            caption and tooltip text.
            </summary>
            <param name="caption">Caption for the group's control button.</param>
            <param name="toolTipText">ToolTip text to show when hovering over
            the group.</param>
        </member>
        <member name="M:vbAccelerator.Components.ListBarControl.VSNetListBarGroup.#ctor(System.String,System.String,System.Object)">
            <summary>
            Constructs a new instance of a ListBarGroup with the specified
            caption, tooltip text and user-defined data.
            </summary>
            <param name="caption">Caption for the group's control button.</param>
            <param name="toolTipText">ToolTip text to show when hovering over
            the group.</param>
            <param name="tag">User-defined object data which is associated with
            the group.</param>
        </member>
        <member name="T:vbAccelerator.Components.ListBarControl.VSNetListBarItem">
            <summary>
            An extended ListBarItem which renders with an alpha-blended shadow
            appearance.
            </summary>
        </member>
        <member name="M:vbAccelerator.Components.ListBarControl.VSNetListBarItem.SetLocationAndWidth(System.Drawing.Point,System.Int32)">
            <summary>
            Sets the location and width of this item.  This method
            is called by internally by the <see cref="T:vbAccelerator.Components.ListBarControl.ListBar"/> or
            the <see cref="T:vbAccelerator.Components.ListBarControl.ListBarGroup"/> which owns this item.
            </summary>
            <remarks>
            This member is not intended to be called from client code.
            If you do use it, it is likely that a subsequent operation
            on the control or group will replace the values.  If you
            need more control over placement, override this class
            and build the logic into the override for this method
            instead.
            </remarks>
            <param name="location">The new location for the item.</param>
            <param name="width">The new width of the item.</param>
        </member>
        <member name="M:vbAccelerator.Components.ListBarControl.VSNetListBarItem.DrawButton(System.Drawing.Graphics,System.Windows.Forms.ImageList,System.Drawing.Font,vbAccelerator.Components.ListBarControl.ListBarDrawStyle,vbAccelerator.Components.ListBarControl.ListBarGroupView,System.Int32,System.Boolean,System.Boolean)">
            <summary>
            Draws this item into the specified graphics object.
            </summary>
            <param name="gfx">The graphics object to draw onto.</param>
            <param name="ils">The ImageList to source icons from.</param>
            <param name="defaultFont">The default font to use to draw the button.</param>
            <param name="style">The style (Outlook version) to draw using.</param>
            <param name="view">The view (large or small icons) to draw using.</param>
            <param name="scrollOffset">The offset of the first item from the 
            (0,0) point in the graphics object.</param>
            <param name="skipDrawText">Whether to skip drawing text or not
            (the item is being edited)</param>
            <param name="controlEnabled">Whether the control is enabled or not.</param>
        </member>
        <member name="M:vbAccelerator.Components.ListBarControl.VSNetListBarItem.SetSize(vbAccelerator.Components.ListBarControl.ListBarGroupView,System.Drawing.Font,System.Drawing.Size)">
            <summary>
            Called to set the height of the item by the owning control.
            </summary>
            <param name="view">The <see cref="T:vbAccelerator.Components.ListBarControl.ListBarGroupView"/> in which this
            item is being shown.</param>
            <param name="defaultFont">The default <see cref="T:System.Drawing.Font"/>
            to use when this item does not have a specific font set.</param>
            <param name="imageSize">The size of the images in the ImageList
            used to render this view.</param>		
        </member>
        <member name="M:vbAccelerator.Components.ListBarControl.VSNetListBarItem.PopupDraw(System.Drawing.Graphics)">
            <summary>
            Incomplete method.  To be used to render an item in the 
            popup view.
            </summary>
            <param name="gfx">Graphics object to draw onto</param>
        </member>
        <member name="M:vbAccelerator.Components.ListBarControl.VSNetListBarItem.#ctor">
            <summary>
            Constructs a new, empty instance of a ListBarItem.
            </summary>
        </member>
        <member name="M:vbAccelerator.Components.ListBarControl.VSNetListBarItem.#ctor(System.String)">
            <summary>
             Constructs a new instance of a ListBarItem, specifying
             the caption to display.
            </summary>
            <param name="caption">The caption for this item.</param>
        </member>
        <member name="M:vbAccelerator.Components.ListBarControl.VSNetListBarItem.#ctor(System.String,System.Int32)">
            <summary>
             Constructs a new instance of a ListBarItem, specifying
             the caption and the index of the icon to display.
            </summary>
            <param name="caption">The caption for this item.</param>
            <param name="iconIndex">The 0-based index of the icon
            to display</param>
        </member>
        <member name="M:vbAccelerator.Components.ListBarControl.VSNetListBarItem.#ctor(System.String,System.Int32,System.String)">
            <summary>
             Constructs a new instance of a ListBarItem, specifying
             the caption, the index of the icon and the 
             tooltip text.
            </summary>
            <param name="caption">The caption for this item.</param>
            <param name="iconIndex">The 0-based index of the icon
            to display</param>
            <param name="toolTipText">The tooltip text to show
            when the mouse hovers over this item.</param>
        </member>
        <member name="M:vbAccelerator.Components.ListBarControl.VSNetListBarItem.#ctor(System.String,System.Int32,System.String,System.Object)">
            <summary>
             Constructs a new instance of a ListBarItem, specifying
             the caption, the index of the icon, the 
             tooltip text and the tag.
            </summary>
            <param name="caption">The caption for this item.</param>
            <param name="iconIndex">The 0-based index of the icon
            to display</param>
            <param name="toolTipText">The tooltip text to show
            when the mouse hovers over this item.</param>
            <param name="tag">An object which can be used to 
            associate user-defined data with the item.</param>
        </member>
        <member name="M:vbAccelerator.Components.ListBarControl.VSNetListBarItem.#ctor(System.String,System.Int32,System.String,System.Object,System.String)">
            <summary>
             Constructs a new instance of a ListBarItem, specifying
             the caption, the index of the icon, the 
             tooltip text, the tag and the key.
            </summary>
            <param name="caption">The caption for this item.</param>
            <param name="iconIndex">The 0-based index of the icon
            to display</param>
            <param name="toolTipText">The tooltip text to show
            when the mouse hovers over this item.</param>
            <param name="tag">An object which can be used to 
            associate user-defined data with the item.</param>
            <param name="key">A user-defined string which is 
            associated with the item.</param>
        </member>
        <member name="T:vbAccelerator.Components.ListBarControl.VSNetListBarScrollButton">
            <summary>
            A subclassed ListBarScrollButton which renders in the style
            of the VS.NET scroll buttons in the ListBar.
            </summary>
        </member>
        <member name="F:vbAccelerator.Components.ListBarControl.VSNetListBarScrollButton.owner">
            <summary>
            The owner control for this scroll button
            </summary>
        </member>
        <member name="M:vbAccelerator.Components.ListBarControl.VSNetListBarScrollButton.DrawItem(System.Drawing.Graphics,System.Drawing.Color,System.Boolean)">
            <summary>
            Draws the button onto the specified Graphics object.
            </summary>
            <param name="gfx">The graphics object to draw on.</param>
            <param name="defaultBackColor">The default background
            colour to use when drawing the button.</param>
            <param name="controlEnabled">Whether the control is enabled or not.</param>
        </member>
        <member name="M:vbAccelerator.Components.ListBarControl.VSNetListBarScrollButton.#ctor(vbAccelerator.Components.ListBarControl.VSNetListBar,vbAccelerator.Components.ListBarControl.ListBarScrollButton.ListBarScrollButtonType)">
            <summary>
            Creates a new instance of this class with the specified
            button type (Up or Down)
            </summary>
            <param name="owner">The owning control.</param>
            <param name="buttonType">The scroll button type to create.</param>
        </member>
        <member name="T:vbAccelerator.Components.ListBarControl.VSNetListBarUtility">
            <summary>
            Utility methods for drawing the <see cref="T:vbAccelerator.Components.ListBarControl.VSNetListBar"/>
            control.
            </summary>
        </member>
        <member name="M:vbAccelerator.Components.ListBarControl.VSNetListBarUtility.DrawScrollButton(System.Drawing.Graphics,System.Drawing.Rectangle,System.Drawing.Color,System.Boolean,System.Boolean,System.Boolean)">
            <summary>
            Draws a scroll button for the <see cref="T:vbAccelerator.Components.ListBarControl.VSNetListBar"/> control.
            </summary>
            <param name="gfx"><see cref="T:System.Drawing.Graphics"/> object to draw onto.</param>
            <param name="rect"><see cref="T:System.Drawing.Rectangle"/> to draw button in.</param>
            <param name="color">The <see cref="T:System.Drawing.Color"/> of the background for the button.</param>
            <param name="pressed">Whether the button is pressed or not.</param>
            <param name="enabled">Whether the button is enabled or not.</param>
            <param name="down">If <c>True</c>, the button is a scroll down button,
            otherwise it is a scroll up button.</param>
        </member>
        <member name="M:vbAccelerator.Components.ListBarControl.VSNetListBarUtility.#ctor">
            <summary>
            Private constructor, all methods static
            </summary>
        </member>
        <member name="F:vbAccelerator.Components.ListBarControl.VSNetListItemPopup.owner">
            <summary>
            The ListBar which owns this popup
            </summary>
        </member>
        <member name="M:vbAccelerator.Components.ListBarControl.VSNetListItemPopup.ShowFloating(vbAccelerator.Components.ListBarControl.VSNetListBarItem)">
            <summary>
            Shows the control as a floating Window child 
            of the desktop.  To hide the control again,
            use the <see cref="P:System.Windows.Forms.Control.Visible"/> property.
            </summary>
        </member>
        <member name="M:vbAccelerator.Components.ListBarControl.VSNetListItemPopup.#ctor">
            <summary>
            Constructs a new instance of this control.
            </summary>
        </member>
        <member name="P:vbAccelerator.Components.ListBarControl.VSNetListItemPopup.CreateParams">
            <summary>
            Get the <see cref="T:System.Windows.Forms.CreateParams"/>
            used to create the control.  This override adds the
            <code>WS_EX_NOACTIVATE</code>, <code>WS_EX_TOOLWINDOW</code>
            and <code>WS_EX_TOPMOST</code> extended styles to make
            the Window float on top.
            </summary>
        </member>
    </members>
</doc>
